<?xml version="1.0" encoding="UTF-8"?>
<!DOCTYPE xml>
<project xmlns="https://maven.apache.org/POM/4.0.0"
	xmlns:xsi="https://www.w3.org/2001/XMLSchema-instance"
	xsi:schemaLocation="https://maven.apache.org/POM/4.0.0 https://maven.apache.org/xsd/maven-4.0.0.xsd">
	<modelVersion>4.0.0</modelVersion>

	<groupId>EIP4WMS</groupId>
	<artifactId>EIP4WMS</artifactId>
	<version>0.0.1-SNAPSHOT</version>
	<packaging>jar</packaging>
	<name>EIP4WMS</name>
	<url>http://maven.apache.org</url>
	<properties>
		<project.build.sourceEncoding>UTF-8</project.build.sourceEncoding>
	</properties>
	<dependencies>
		<dependency>
			<groupId>junit</groupId>
			<artifactId>junit</artifactId>
			<version>4.11</version>
			<scope>test</scope>
		</dependency>


		<!-- <dependency> <groupId>org.seleniumhq.selenium</groupId> <artifactId>selenium-server-standalone</artifactId> 
			<version>2.46.0</version> </dependency> -->
		<dependency>
			<groupId>org.seleniumhq.selenium</groupId>
			<artifactId>selenium-java</artifactId>
			<version>3.141.59</version>
		</dependency>



		<dependency>
			<groupId>info.cukes</groupId>
			<artifactId>cucumber-java</artifactId>
			<version>1.2.2</version>
			<scope>test</scope>
		</dependency>
		<dependency>
			<groupId>info.cukes</groupId>
			<artifactId>cucumber-junit</artifactId>
			<version>1.2.2</version>
			<scope>test</scope>
		</dependency>
		<dependency>
			<groupId>org.apache.logging.log4j</groupId>
			<artifactId>log4j-core</artifactId>
			<version>2.13.3</version>
		</dependency>
		<dependency>
			<groupId>com.vimalselvam</groupId>
			<artifactId>cucumber-extentsreport</artifactId>
			<version>3.1.1</version>
		</dependency>
		<dependency>
			<groupId>com.aventstack</groupId>
			<artifactId>extentreports-cucumber4-adapter</artifactId>
			<version>1.0.7</version>
		</dependency>
		<dependency>
			<groupId>info.cukes</groupId>
			<artifactId>cucumber-picocontainer</artifactId>
			<version>1.2.5</version>
			<scope>test</scope>
		</dependency>
		<dependency>
			<groupId>io.github.bonigarcia</groupId>
			<artifactId>webdrivermanager</artifactId>
			<version>5.0.3</version>
		</dependency>
		<dependency>
			<groupId>io.cucumber</groupId>
			<artifactId>cucumber-junit</artifactId>
			<version>4.3.0</version>
			<scope>test</scope>
		</dependency>
		<dependency>
			<groupId>io.cucumber</groupId>
			<artifactId>cucumber-picocontainer</artifactId>
			<version>4.3.0</version>
			<scope>test</scope>
		</dependency>
		<dependency>
			<groupId>com.apple</groupId>
			<artifactId>AppleJavaExtensions</artifactId>
			<version>1.4</version>
		</dependency>
		<dependency>
			<groupId>javax.annotation</groupId>
			<artifactId>javax.annotation-api</artifactId>
			<version>1.2</version>
		</dependency>
		<!-- https://mvnrepository.com/artifact/com.microsoft.sqlserver/mssql-jdbc -->
		<dependency>
			<groupId>com.microsoft.sqlserver</groupId>
			<artifactId>mssql-jdbc</artifactId>
			<version>9.2.1.jre8</version>
		</dependency>
		<!-- https://mvnrepository.com/artifact/mysql/mysql-connector-java -->
		<dependency>
			<groupId>mysql</groupId>
			<artifactId>mysql-connector-java</artifactId>
			<version>8.0.26</version>
		</dependency>

	</dependencies>
	<!-- parallel Execution -->
	<build>
		<plugins>
			<plugin>
				<groupId>org.apache.maven.plugins</groupId>
				<artifactId>maven-surefire-plugin</artifactId>
				<version>2.22.0</version>
				<configuration>
					<includes>
						<exclude>**/*Regression_TestRunner.java</exclude>
					</includes>
					<parallel>none</parallel>
					<useUnlimitedThreads>true</useUnlimitedThreads>
					<testFailureIgnore>true</testFailureIgnore>
				</configuration>

			</plugin>
			<plugin>
				<groupId>org.apache.maven.plugins</groupId>
				<artifactId>maven-compiler-plugin</artifactId>
				<version>3.7.0</version>
				<configuration>
					<verbose>true</verbose>
					<testSourceDirectory>/src/test/java</testSourceDirectory>
					<compilerVersion>1.8</compilerVersion>
					<maven.compiler.source>15</maven.compiler.source>
					<maven.compiler.target>15</maven.compiler.target>
					<maven.compiler.release>15</maven.compiler.release>
					<source>1.8</source>
					<target>1.8</target>
					<encoding>UTF-8</encoding>
					<systemPropertyVariables>
						<extent.reporter.spark.start>true</extent.reporter.spark.start>
						<extent.reporter.spark.out>test-output/SparkReport/Spark.html</extent.reporter.spark.out>
					</systemPropertyVariables>
				</configuration>
			</plugin>
			<plugin>
				<groupId>org.springframework.boot</groupId>
				<artifactId>spring-boot-maven-plugin</artifactId>
				<version>2.2.6.RELEASE</version>
			</plugin>
			<plugin>
				<groupId>org.codehaus.mojo</groupId>
				<artifactId>build-helper-maven-plugin</artifactId>
				<version>1.1</version>
				<executions>
					<execution>
						<id>add-source</id>
						<phase>generate-sources</phase>
						<goals>
							<goal>add-source</goal>
						</goals>
						<configuration>
							<sources>
								<source>src/java/core</source>
								<source>src/java/gen</source>
							</sources>
						</configuration>
					</execution>
				</executions>
			</plugin>
		</plugins>
		<pluginManagement>
			<plugins>
				<!--This plugin's configuration is used to store Eclipse m2e settings 
					only. It has no influence on the Maven build itself. -->
				<plugin>
					<groupId>org.eclipse.m2e</groupId>
					<artifactId>lifecycle-mapping</artifactId>
					<version>1.0.0</version>
					<configuration>
						<lifecycleMappingMetadata>
							<pluginExecutions>
								<pluginExecution>
									<pluginExecutionFilter>
										<groupId>
											org.codehaus.mojo
										</groupId>
										<artifactId>
											build-helper-maven-plugin
										</artifactId>
										<versionRange>
											[1.1,)
										</versionRange>
										<goals>
											<goal>add-source</goal>
										</goals>
									</pluginExecutionFilter>
									<action>
										<ignore></ignore>
									</action>
								</pluginExecution>
							</pluginExecutions>
						</lifecycleMappingMetadata>
					</configuration>
				</plugin>
			</plugins>
		</pluginManagement>
	</build>
</project>
