<project xmlns="http://maven.apache.org/POM/4.0.0"
	xmlns:xsi="http://www.w3.org/2001/XMLSchema-instance"
	xsi:schemaLocation="http://maven.apache.org/POM/4.0.0 http://maven.apache.org/xsd/maven-4.0.0.xsd">
	<modelVersion>4.0.0</modelVersion>

	<groupId>com.aventstack</groupId>
	<artifactId>extentreports-cucumber4-adapter</artifactId>
	<version>1.2.0</version>
	<name>extentreports-cucumber4-adapter</name>
	<url>http://extentreports.com</url>
	<description>Cucumber-JVM 4 adapter for Extent Framework</description>

	<scm>
		<connection>scm:git:https://github.com/extent-framework/extentreports-cucumber4-adapter.git</connection>
		<developerConnection>scm:git:https://github.com/extent-framework/extentreports-cucumber4-adapter.git</developerConnection>
		<url>https://github.com/extent-framework/extentreports-cucumber4-adapter</url>
	</scm>

	<licenses>
		<license>
			<name>The Apache Software License, Version 2.0</name>
			<url>http://www.apache.org/licenses/LICENSE-2.0.txt</url>
		</license>
	</licenses>

	<developers>
		<developer>
			<name>Anshoo Arora</name>
			<url>https://github.com/anshooarora</url>
			<id>anshoo.arora</id>
			<roles>
				<role>Owner</role>
			</roles>
		</developer>
	</developers>

	<properties>
		<project.build.sourceEncoding>UTF-8</project.build.sourceEncoding>
		<cucumber.version>4.7.4</cucumber.version>
		<extent.version>5.0.0</extent.version>
	</properties>

	<dependencies>
		<dependency>
			<groupId>com.aventstack</groupId>
			<artifactId>extentreports</artifactId>
			<version>${extent.version}</version>
		</dependency>
		<dependency>
			<groupId>com.aventstack</groupId>
			<artifactId>klov-reporter</artifactId>
			<version>${extent.version}</version>
		</dependency>
		<dependency>
			<groupId>io.cucumber</groupId>
			<artifactId>cucumber-java</artifactId>
			<version>${cucumber.version}</version>
		</dependency>
		<dependency>
			<groupId>io.cucumber</groupId>
			<artifactId>cucumber-junit</artifactId>
			<version>${cucumber.version}</version>
			<scope>test</scope>
		</dependency>
		<dependency>
			<groupId>org.mongodb</groupId>
			<artifactId>mongodb-driver</artifactId>
			<version>3.3.0</version>
		</dependency>
	</dependencies>

	<build>
		<plugins>
			<plugin>
				<groupId>org.apache.maven.plugins</groupId>
				<artifactId>maven-compiler-plugin</artifactId>
				<version>2.3.2</version>
				<configuration>
					<source>1.8</source>
					<target>1.8</target>
				</configuration>
			</plugin>
			<plugin>
				<groupId>org.apache.maven.plugins</groupId>
				<artifactId>maven-resources-plugin</artifactId>
				<version>2.7</version>
			</plugin>
			<plugin>
				<groupId>org.apache.maven.plugins</groupId>
				<artifactId>maven-gpg-plugin</artifactId>
				<version>1.6</version>
				<executions>
					<execution>
						<id>sign-artifacts</id>
						<phase>verify</phase>
						<goals>
							<goal>sign</goal>
						</goals>
					</execution>
				</executions>
			</plugin>
		</plugins>
	</build>

	<profiles>
		<profile>
			<id>release-sign-artifacts</id>
			<activation>
				<property>
					<name>performRelease</name>
					<value>true</value>
				</property>
			</activation>
			<properties>
				<gpg.keyname>41414BBD</gpg.keyname>    <!-- GPG Key ID to use for signing -->
				<release.username>anshooarora</release.username> <!-- username for our svn repository -->
			</properties>
			<build>
				<resources>
				</resources>
				<plugins>
					<plugin>
						<groupId>org.apache.maven.plugins</groupId>
						<artifactId>maven-gpg-plugin</artifactId>
						<version>1.4</version>
						<executions>
							<execution>
								<id>sign-artifacts</id>
								<phase>verify</phase>
								<configuration>
									<sources>
										<source>src/</source>
									</sources>
								</configuration>
							</execution>
						</executions>
					</plugin>
					<plugin>
						<groupId>org.apache.maven.plugins</groupId>
						<artifactId>maven-source-plugin</artifactId>
						<version>2.3</version>
						<executions>
							<execution>
								<id>attach-sources</id>
								<goals>
									<goal>jar</goal>
								</goals>
							</execution>
						</executions>
					</plugin>
					<plugin>
						<groupId>org.apache.maven.plugins</groupId>
						<artifactId>maven-javadoc-plugin</artifactId>
						<version>2.3</version>
						<executions>
							<execution>
								<id>attach-javadocs</id>
								<goals>
									<goal>jar</goal>
								</goals>
							</execution>
						</executions>
					</plugin>
				</plugins>
			</build>
		</profile>
	</profiles>

	<distributionManagement>
		<snapshotRepository>
			<id>ossrh</id>
			<url>https://oss.sonatype.org/content/repositories/snapshots</url>
		</snapshotRepository>
		<repository>
			<id>ossrh</id>
			<url>https://oss.sonatype.org/service/local/staging/deploy/maven2</url>
		</repository>
	</distributionManagement>
</project>